link,
https://youtube.com/watch?v=litMshofzgk,
https://www.youtube.com/watch?v=gksoJkc5Fos,
https://youtu.be/eDzCYaW7c3s,
https://www.youtube.com/watch?v=LurjiCxrkD0,
https://youtu.be/LurjiCxrkD0,
https://www.youtube.com/watch?v=jAhkmkbGz7k,
https://www.youtube.com/watch?v=6Hq3ACL8GkA,
https://www.youtube.com/watch?v=QaphE0fWmV4,
https://youtu.be/y-bYn7U9rpY,
https://www.youtube.com/watch?v=lMFNxLbtEQA,
https://www.youtube.com/watch?v=f-rNtRy2BRs,
https://www.youtube.com/watch?v=3YJv4AvSTOI,
https://www.youtube.com/watch?v=1AfrQP4uy1c,
https://www.youtube.com/watch?v=B3aw4g687HI,
https://www.youtube.com/watch?v=xSJ1nYRLRA4,
https://www.youtube.com/watch?v=anP4tGY14E8,
https://www.youtube.com/watch?v=zOFObp174_U,
https://www.youtube.com/watch?v=IiqiwmB1qu8,
https://www.youtube.com/watch?v=XZZfbNzbYts,
https://www.youtube.com/watch?v=qF3Gq8RDF14,
https://www.youtube.com/watch?v=MC62l2yF9p0,
https://www.youtube.com/watch?v=4YWxh7mSqcg,
https://www.youtube.com/watch?v=V0LcQM1NwHg,
https://www.youtube.com/watch?v=xShJq_t9Z0Q,
https://www.youtube.com/watch?v=uKWq1lQkkYk,
https://www.youtube.com/watch?v=9841NiXhN90,
https://www.youtube.com/watch?v=5lM785Yt2Ac,
https://www.youtube.com/watch?v=DlcjD3A9c_s,
https://www.youtube.com/watch?v=_z1vL_cm3fU,
https://youtu.be/y-bYn7U9rpY,
https://www.youtube.com/watch?v=4YWxh7mSqcg,
https://youtu.be/WkGY1ep9FnQ,
https://youtu.be/nEqgnUUv9UQ,
https://youtu.be/zAep_7MxQGI,
https://youtu.be/jTzF3Z0icik,
https://youtu.be/HFkFxTbQpdU,
https://youtu.be/HFkFxTbQpdU,
https://youtu.be/Y6abMEQbHPc,
https://youtu.be/Tt-iELyVM-E,
https://youtu.be/qI-os8piPy0,
https://www.youtube.com/watch?v=7t_-I9LFUlk,
https://youtube.com/shorts/b23eokui0Pk,
https://www.youtube.com/watch?v=3W3eZzeBIaM,
https://www.youtube.com/watch?v=4YWxh7mSqcg,
https://www.youtube.com/watch?v=TfLL2MUQA_w,
https://www.youtube.com/watch?v=sAKTRmMvYCk,
https://www.youtube.com/watch?v=V0LcQM1NwHg,
https://www.youtube.com/watch?v=TfLL2MUQA_w,
https://youtu.be/m8Muw_5P7ko,
https://youtu.be/UpbJ3ShuxCc,
https://youtu.be/rIhekxbMHtU,
https://www.youtube.com/watch?v=Pzln2BGRog0,
https://www.youtube.com/watch?v=T9CKVLIL2wE,
https://youtu.be/1KLZFPjSPFI,
https://www.youtube.com/watch?v=rIhekxbMHtU,
https://www.youtube.com/watch?v=snKm4mRUzTQ&amp;t=4s,
https://youtu.be/0XTLhSwV2iQ,
https://www.youtube.com/watch?v=3-DgA7LpG6c,
https://www.youtube.com/watch?v=h8WDH17qjEo,
https://www.youtube.com/watch?v=O8flK6EJMJI&amp;feature=youtu.be,
https://www.youtube.com/watch?v=DvsZCQZ2u-M,
https://youtu.be/4fIPMYLF1ro,
https://youtu.be/WnvSCJGf5Kg,
https://youtu.be/WnvSCJGf5Kg,
https://youtu.be/qI-os8piPy0,
https://youtu.be/Nh3PMAAk248,
https://www.youtube.com/watch?v=R-isHeh2bXc,
https://youtu.be/Nh3PMAAk248,
https://youtu.be/-jDuAUtLhWg,
https://youtu.be/aVsqKNs1HBM,
https://youtu.be/zpZdDbHP50E,
https://youtu.be/eDzCYaW7c3s,
https://www.youtube.com/watch?v=DGwY8erFb2Q,
https://www.youtube.com/watch?v=JOP-R65dIBo,
https://www.youtube.com/watch?v=1HSgq3dI7wU,
https://www.youtube.com/watch?v=r0AvRUIgG9o,
https://www.youtube.com/watch?v=snKm4mRUzTQ&amp;t=5s,
https://youtu.be/7Hs6knSI3hs,
https://youtu.be/WnvSCJGf5Kg,
https://youtu.be/WnvSCJGf5Kg,
https://youtu.be/WnvSCJGf5Kg,
https://youtu.be/qI-os8piPy0,
https://youtu.be/Nh3PMAAk248,
https://youtu.be/Nh3PMAAk248,
https://youtu.be/WnvSCJGf5Kg,
https://youtu.be/WnvSCJGf5Kg,
https://youtu.be/g9jYBSn_dxg,
https://youtu.be/WnvSCJGf5Kg,
https://youtu.be/WnvSCJGf5Kg,
https://youtu.be/mukVfDARbQc,
https://youtu.be/4_5peIaQtCI,
https://youtu.be/mukVfDARbQc,
https://youtu.be/mukVfDARbQc,
https://youtu.be/fD-Sky-YfAU,
https://youtu.be/fD-Sky-YfAU,
https://youtu.be/fD-Sky-YfAU,
https://youtu.be/fD-Sky-YfAU,
https://youtu.be/fD-Sky-YfAU,
https://youtu.be/fD-Sky-YfAU,
https://youtu.be/fD-Sky-YfAU,
https://youtu.be/fD-Sky-YfAU,
https://youtu.be/fD-Sky-YfAU,
https://youtu.be/fD-Sky-YfAU,
https://youtu.be/fD-Sky-YfAU,
https://youtu.be/1iQ9sLKPfoE,
https://youtu.be/fD-Sky-YfAU,
https://youtu.be/fD-Sky-YfAU,
https://youtu.be/fD-Sky-YfAU,
https://youtu.be/1iQ9sLKPfoE,
https://youtu.be/fD-Sky-YfAU,
https://youtu.be/fD-Sky-YfAU,
https://youtu.be/fD-Sky-YfAU,
https://youtu.be/fD-Sky-YfAU,
https://youtu.be/fD-Sky-YfAU,
https://youtu.be/fD-Sky-YfAU,
https://youtu.be/_vYIoNqI5Bk,
https://youtu.be/fD-Sky-YfAU,
https://youtu.be/fD-Sky-YfAU,
https://youtu.be/_vYIoNqI5Bk,
https://youtu.be/fD-Sky-YfAU,
https://youtu.be/_vYIoNqI5Bk,
https://youtu.be/fD-Sky-YfAU,
https://youtu.be/fD-Sky-YfAU,
https://youtu.be/fD-Sky-YfAU,
https://youtu.be/fD-Sky-YfAU,
https://youtu.be/RBiZoPpB72E,
https://youtu.be/fD-Sky-YfAU,
https://youtu.be/RBiZoPpB72E,
https://youtu.be/RBiZoPpB72E,
https://youtu.be/fD-Sky-YfAU,
https://youtu.be/bm9bEvqeVQo,
https://youtu.be/fD-Sky-YfAU,
https://youtu.be/bm9bEvqeVQo,
https://youtu.be/FZt5v3uuKfs,
https://youtu.be/bm9bEvqeVQo,
https://youtu.be/fD-Sky-YfAU,
https://youtu.be/fD-Sky-YfAU,
https://youtu.be/bm9bEvqeVQo,
https://youtu.be/bm9bEvqeVQo,
https://youtu.be/fD-Sky-YfAU,
https://youtu.be/fD-Sky-YfAU,
https://youtu.be/bm9bEvqeVQo,
https://youtu.be/bm9bEvqeVQo,
https://youtu.be/fD-Sky-YfAU,
https://youtu.be/bm9bEvqeVQo,
https://youtu.be/fD-Sky-YfAU,
https://youtu.be/fD-Sky-YfAU,
https://www.youtube.com/watch?v=O-q2xQeuen0,
https://youtu.be/fD-Sky-YfAU,
https://youtu.be/fD-Sky-YfAU,
https://youtu.be/fD-Sky-YfAU,
https://youtu.be/fD-Sky-YfAU,
https://youtu.be/fD-Sky-YfAU,
https://youtu.be/fD-Sky-YfAU,
https://youtu.be/fD-Sky-YfAU,
https://youtu.be/mCl_oTdbI10,
https://youtu.be/vQPTx-yJFco,
https://youtu.be/fD-Sky-YfAU,
https://youtu.be/yetEHXX5D6o,
https://youtu.be/mCl_oTdbI10,
https://youtu.be/mCl_oTdbI10,
https://youtu.be/vQPTx-yJFco,
https://youtu.be/vQPTx-yJFco,
https://youtu.be/bvHShLxGTjQ,
https://youtu.be/bvHShLxGTjQ,
https://youtu.be/bvHShLxGTjQ,
https://youtu.be/fD-Sky-YfAU,
https://youtu.be/bvHShLxGTjQ,
https://youtu.be/fD-Sky-YfAU,
https://youtu.be/bvHShLxGTjQ,
https://youtu.be/bvHShLxGTjQ,
https://youtu.be/3hp427pEB4k,
https://youtu.be/fD-Sky-YfAU,
https://youtu.be/3hp427pEB4k,
https://youtu.be/3hp427pEB4k,
https://youtu.be/MQII04mkfDg,
https://youtu.be/bvHShLxGTjQ,
https://youtu.be/5ZlOHqwdcJE,
https://youtu.be/MQII04mkfDg,
https://youtu.be/5ZlOHqwdcJE,
https://youtu.be/fD-Sky-YfAU,
https://youtu.be/MQII04mkfDg,
https://youtu.be/fD-Sky-YfAU,
https://youtu.be/5ZlOHqwdcJE,
https://youtu.be/bvHShLxGTjQ,
https://youtu.be/bvHShLxGTjQ,
https://youtu.be/fD-Sky-YfAU,
https://youtu.be/fD-Sky-YfAU,
https://youtu.be/ujkr-trwNVc,
https://youtu.be/bvHShLxGTjQ,
https://youtu.be/ujkr-trwNVc,
https://youtu.be/fD-Sky-YfAU?si=JtF0ty6cpH4625x4,
https://youtu.be/fD-Sky-YfAU?si=5-MP69G7VJm2Jcwh,
https://youtu.be/fD-Sky-YfAU?si=MGsVFfYOU8sOruDe,
https://youtu.be/fD-Sky-YfAU,
https://www.youtube.com/watch?v=LurjiCxrkD0,
https://www.youtube.com/watch?v=eYo9m-E6t84,
https://www.youtube.com/watch?v=cQonRpF5dp4,
https://youtu.be/aWU_0vhonCo,
https://youtu.be/QWK6RgFVbRA,
https://www.youtube.com/watch?v=obB8KSa1Obc&amp;pp=ygUKcmV5IGNoYXZleg%3D%3D,
https://www.youtube.com/watch?v=u1tOzAWD2WQ&amp;pp=ygUKcmV5IGNoYXZleg%3D%3D,
https://youtu.be/mWEqLN0xjNM,
https://www.youtube.com/watch?v=PCZD5jJhd9k,
https://www.youtube.com/watch?v=1KLZFPjSPFI,
https://www.youtube.com/watch?v=yS91iSQyZKA,
https://www.youtube.com/watch?v=5eZ6bEq5uqs,
https://youtu.be/qjFG_sBvr9g,
https://youtu.be/7bJ9bU1L5mo,
https://youtu.be/Rx6SiHRO1Eo,
https://www.youtube.com/watch?v=a-Sn_ixhQ_0,
https://youtu.be/3A0_BgCKLEc,
https://www.youtube.com/watch?v=nALue1egc3U,
https://youtu.be/TeBGi7uiiLU,
https://youtu.be/qjFG_sBvr9g,
https://www.youtube.com/watch?v=fSxTUJ0b8Wg,
https://www.youtube.com/watch?v=gVWb1gF_cH0,
"https://www.youtube.com/watch?v=tC7vC63l014	25000",
https://www.youtube.com/watch?v=Lkj5Rcv9i_E,
https://www.youtube.com/watch?v=8CtinUxcX0E,
https://www.youtube.com/watch?v=ovttNN3FkCI,
https://www.youtube.com/watch?v=uW_mtgbRXcc,
https://www.youtube.com/watch?v=LdsooKg4Ivk,
https://www.youtube.com/watch?v=ImyOF6e1khE,
https://www.youtube.com/watch?v=3qDxnRa8hyE,
https://www.youtube.com/watch?v=ElQWfLPubj8,
https://www.youtube.com/watch?v=onemIRN10A8,
https://www.youtube.com/watch?v=fOuVaFOWeVs,
https://www.youtube.com/watch?v=lby7xjI0WlE,
https://www.youtube.com/watch?v=MLJmpiJARMo,
https://www.youtube.com/watch?v=lby7xjI0WlE,
https://www.youtube.com/watch?v=niR6hAYPe0o,
https://www.youtube.com/watch?v=IL5uEQWVtJ4,
https://www.youtube.com/watch?v=7JmRZpa6TDY,
https://www.youtube.com/watch?v=Bl7bU0aTIWU,
https://www.youtube.com/watch?v=rAdcg4NwONo,
https://www.youtube.com/watch?v=5EeVtL1pNNU,
https://www.youtube.com/watch?v=MQ6ItDBlf0I,
https://www.youtube.com/watch?v=TQskj2U7aqk,
https://www.youtube.com/watch?v=q6M_E4XfU2g,
https://www.youtube.com/watch?v=m7_Paoyu99w,
https://www.youtube.com/watch?v=q6M_E4XfU2g,
https://www.youtube.com/watch?v=GMjn5yr3jwQ,
https://www.youtube.com/watch?v=L0uKt8HgsXs,
https://www.youtube.com/watch?v=CEzbsE_ZHYA,
https://www.youtube.com/watch?v=h30i_bytpyo,
https://www.youtube.com/watch?v=Cacqckk1G9M,
https://www.youtube.com/watch?v=GnI56EIiOZ8,
https://www.youtube.com/watch?v=8LFHgHDkdBo,
https://www.youtube.com/watch?v=fx8B8NBjCxs,
https://www.youtube.com/watch?v=09hGFw6chTQ,
https://www.youtube.com/watch?v=igWROG8QJNM,
https://www.youtube.com/watch?v=ZF9NVAl0gvg,
https://www.youtube.com/watch?v=sbERICJRywM,
https://www.youtube.com/watch?v=5EGP5jOx2WA,
https://www.youtube.com/watch?v=hL890EVcLPE,
https://www.youtube.com/watch?v=hL890EVcLPE,
https://www.youtube.com/watch?v=KB2arXIqty0,
https://www.youtube.com/watch?v=h1CA1J5ENRY,
https://www.youtube.com/watch?v=NnwplecWwkw,
https://www.youtube.com/watch?v=Cyh2pMGFi5Q,
https://www.youtube.com/watch?v=nV2ZNMjNY8o,
https://www.youtube.com/watch?v=Cyh2pMGFi5Q,
https://www.youtube.com/watch?v=jKHERuXPIPU,
https://www.youtube.com/watch?v=bHKvkw41ZUQ,
https://www.youtube.com/watch?v=KnZIvz6L1XI,
https://www.youtube.com/watch?v=yKy2Bg-I4sc,
https://www.youtube.com/watch?v=jIYPHRmEQAY,
https://www.youtube.com/watch?v=lL34hB7Afdg,
https://www.youtube.com/watch?v=Vx8H5xQ0dWk,
https://www.youtube.com/watch?v=i5McXBV622A,
https://www.youtube.com/watch?v=qHPWRq4PEyE,
https://www.youtube.com/watch?v=oIGQBeR1v-Q,
https://www.youtube.com/watch?v=-Jq4kLlBTUc,
https://www.youtube.com/watch?v=BHgy5D1PfkA,
https://www.youtube.com/watch?v=JZWiQDwRMN0,
https://www.youtube.com/watch?v=ovCuFRGzWkk,
https://www.youtube.com/watch?v=ug8Yts_EiHs,
https://www.youtube.com/watch?v=NE9B-9B5Gjg,
https://www.youtube.com/watch?v=QBpMNyh0HX8,
https://www.youtube.com/watch?v=K5dL3Wb6k-s,
https://www.youtube.com/watch?v=podAVC21HV0,
https://www.youtube.com/watch?v=a6tXQxJ7PfI,
https://www.youtube.com/watch?v=34mCv-yxRmI,
https://youtu.be/97KdTV7jt48,
https://youtu.be/8IKz9NxT-z8,
https://www.youtube.com/watch?v=_6Soywl9nX0,
https://youtu.be/gDSanm2U4TQ,
https://www.youtube.com/watch?v=sVnufdgsA5A,
https://www.youtube.com/watch?v=ODQVnhFBJbY,
https://youtu.be/_yaAWTzEt4U,
https://youtu.be/_qJjA1VVWAM,
https://youtu.be/mWEqLN0xjNM,
https://youtu.be/TmPJ8OiB94A,
https://www.youtube.com/watch?v=TmPJ8OiB94A&amp;ab_channel=SA%C3%8FKOfficiel,
https://youtu.be/oqbaV6ENLVE,
https://www.youtube.com/watch?v=I8d3nSj6rgQ,
https://youtu.be/5DM80qadzqQ,
https://youtu.be/DJNwmWpo2I4,
https://youtu.be/WnvSCJGf5Kg,
https://youtu.be/PBT5m6MTSbE,
https://youtu.be/NLOovlHB4aM,
https://youtu.be/WBGWZJENXi0,
https://www.youtube.com/watch?v=Eb7KlVViLhs,
https://www.youtube.com/watch?v=GhkXU060-GE,
https://www.youtube.com/watch?v=Bttp-fYIpxg,
https://youtu.be/AK7XC5Bj_D4,
https://youtu.be/QwrB3yjJbbE,
https://youtu.be/Np2xfSkImps,
https://www.youtube.com/watch?v=cqXm3racW-Y,
https://www.youtube.com/watch?v=p7hGOEYXUnQ,
https://www.youtube.com/watch?v=HSu1qSQ1QXA,
https://youtu.be/NvCTVJzEt6M,
https://www.youtube.com/watch?v=6xr-qxHN3fo,
https://www.youtube.com/watch?v=M0K1cdkbcaQ,
https://www.youtube.com/watch?v=JmkrJiZJA9M,
https://youtu.be/Hs_OR4QPakE,
https://youtu.be/Hs_OR4QPakE,
https://youtu.be/WnvSCJGf5Kg,
https://www.youtube.com/watch?v=eJa57KQXMYw,
https://youtu.be/Nh3PMAAk248,
https://www.youtube.com/watch?v=WSQn0Kc7d1w,
https://youtu.be/-jDuAUtLhWg,
https://youtu.be/A68G8SDiBJg,
https://youtu.be/p02IRnCb14M,
https://www.youtube.com/watch?v=snKm4mRUzTQ,
https://www.youtube.com/watch?v=rrVFr_CmRkk,
https://www.youtube.com/watch?v=xQqjmhen_M0,
https://youtu.be/vBjajbZweGY,
https://youtu.be/rfBVqB88cq8,
https://www.youtube.com/watch?v=-U3BB3CZrr4,
https://www.youtube.com/watch?v=cIL1u7Tq_Bg,
https://www.youtube.com/watch?v=x6HW40QxEzQ,
https://www.youtube.com/watch?v=x6HW40QxEzQ,
https://www.youtube.com/watch?v=FO145TT2CyQ&amp;t=10s,
https://youtu.be/WivClJuQTeI,
https://youtu.be/KYsN7NGMtE8,
https://www.youtube.com/watch?v=NV24JChp4zw&amp;ab_channel=å“è§€é»ž,
https://www.youtube.com/watch?v=WivClJuQTeI,
https://www.youtube.com/watch?v=KzYodFxU9Tw,
https://www.youtube.com/watch?v=HAVKuwnUbzw,
https://www.youtube.com/watch?v=bhvIQ9uioUI,
https://www.youtube.com/watch?v=r0AvRUIgG9o,
https://youtube.com/watch?v=viAUO_Pm3v0,
https://www.youtube.com/watch?v=KxfITlV83eY,
https://www.youtube.com/watch?v=4qsEPDzubyA,
https://youtu.be/NCv-BUGitno,
https://www.youtube.com/watch?v=XoJLbaKOn3M,
https://youtu.be/dhDnQAqiPN4,
https://youtu.be/12dKlMhC9CQ,
https://youtu.be/7Hs6knSI3hs,
https://youtu.be/7Hs6knSI3hs,
https://youtu.be/7Hs6knSI3hs,
https://www.youtube.com/watch?v=Tt-iELyVM-E,
https://youtu.be/f5N8ZtM2mRk?feature=shared,
https://youtu.be/7lsRG8KzHDY,
https://youtu.be/WnvSCJGf5Kg,
https://www.youtube.com/watch?v=eHGAZUAo18Q,
https://youtu.be/hHvzqXpocsE,
https://youtu.be/GYls_f6nY-g,
https://youtu.be/r3WZttp__qc,
https://youtu.be/j0h8mC2fwoo,
https://youtu.be/kqhQlrk6eN0,
https://youtu.be/WnvSCJGf5Kg,
https://youtu.be/7aUHFYYkt2U,
https://youtu.be/bOc7mDw13u4,
https://youtu.be/Nh3PMAAk248,
https://youtu.be/NQsIV-LiVgg,
https://youtu.be/bm9bEvqeVQo,
https://youtu.be/halnm-HuZQY,
https://youtu.be/PD2kq9PvYmo,
https://youtu.be/-2mc_Nu4hFA,
https://youtu.be/bxDGlxbokLE,
https://www.youtube.com/watch?v=zZikKfd-FHE,
https://www.youtube.com/watch?v=3jR-d7ru8hc,
https://youtu.be/fD-Sky-YfAU,
https://youtube.com/watch?v=gHiIffCsHOU,
https://www.youtube.com/watch?v=29zX48UZZGM,
https://youtube.com/watch?v=SOXjNu-eGvk&amp;si=EnSIkaIECMiOmarE,
https://www.youtube.com/watch?v=Z1xt1cs86Hw,
https://www.youtube.com/watch?v=hlas3-I2-Q4,
https://www.youtube.com/watch?v=36C2aphIXqc,
https://youtu.be/OTvOUNtDKwg,
https://www.youtube.com/watch?v=hpXvUt0j8Wg,
https://youtu.be/vvYRteeI_-Q,
https://m.youtube.com/watch?fbclid=PAAablmq4L7dM0QOnktEL8dqXfGaekDOZjOCBxG7SLAtWvfJC5syYSN8TDSR0&amp;amp;v=vvYRteeI_-Q&amp;amp;feature=youtu.be,
https://youtu.be/vvYRteeI_-Q,
https://youtu.be/vvYRteeI_-Q,
https://youtu.be/vvYRteeI_-Q,
https://youtu.be/vvYRteeI_-Q,
https://youtu.be/vvYRteeI_-Q,
https://youtu.be/vvYRteeI_-Q,
https://youtu.be/vvYRteeI_-Q,
https://youtu.be/vvYRteeI_-Q,
https://youtu.be/vvYRteeI_-Q,
https://youtu.be/vvYRteeI_-Q,
https://youtu.be/vvYRteeI_-Q,
https://youtu.be/vvYRteeI_-Q,
https://youtu.be/_QEFr7ILewQ,
https://youtu.be/_QEFr7ILewQ,
https://youtu.be/_QEFr7ILewQ,
https://youtu.be/_QEFr7ILewQ,
https://youtu.be/_QEFr7ILewQ,
https://www.youtube.com/watch?v=_QEFr7ILewQ,
https://youtu.be/_QEFr7ILewQ,
https://youtu.be/TcMyrrf_lBA,
https://youtu.be/_QEFr7ILewQ,
https://youtube.com/watch?v=WiP10glOw0w&amp;amp;feature=shareb,
https://youtube.com/watch?v=WiP10glOw0w&amp;amp;feature=shareb,
https://www.youtube.com/watch?v=vN1l2vhgQ64&amp;ab_channel=MarkZebraTV,
https://www.youtube.com/watch?v=vN1l2vhgQ64&amp;ab_channel=MarkZebraTV,
https://www.youtube.com/watch?v=vGVFj6NBFbg&amp;t=14s,
https://www.youtube.com/watch?v=6-gXIa1ensw,
https://www.youtube.com/watch?v=GckMTOqGj1Y&amp;t=258s,
https://www.youtube.com/watch?v=crpJimzok7I,
https://www.youtube.com/watch?v=vGVFj6NBFbg&amp;t=14s,
https://www.youtube.com/watch?v=vGVFj6NBFbg&amp;t=929s,
https://www.youtube.com/watch?v=c36YC3BMgfI,
https://www.youtube.com/watch?v=PCZD5jJhd9k,
https://www.youtube.com/watch?v=R6pUlemp9Vc,
https://www.youtube.com/watch?v=kiSl6pBmoPM,
https://www.youtube.com/watch?v=FvlBxbSQXC8,
https://www.youtube.com/watch?v=-et63RDStes,
https://www.youtube.com/watch?v=numi29Ok9Lg,
https://youtu.be/y702NpHOFAI,
https://youtu.be/BaKgo8Eo098,
https://youtu.be/9rQHDNb77zE,
https://www.youtube.com/watch?v=-j62tw7Umuw,
https://www.youtube.com/watch?v=JOP-R65dIBo,
https://www.youtube.com/watch?v=-4rUsyY9xjc&amp;t=98s,
https://youtu.be/t-sNsPXdwM8,
https://m.youtube.com/watch?v=Vnxaza-kqC8,
https://youtube.com/shorts/xF0C0vmPDnU?feature=share,
https://youtu.be/yy8LEedoG7A,
https://youtu.be/yy8LEedoG7A,
https://youtu.be/hYsKeCTp5Jk,
https://youtu.be/XoXCgvfAaSc,
https://www.youtube.com/watch?v=jmWjuvRdMzQ,
https://www.youtube.com/watch?v=tXWU_UN0we4,
https://youtu.be/W348_KBo7u4,
https://youtu.be/w9ZZBbwZJtg,
https://youtu.be/MZGt53EIuNQ,
https://www.youtube.com/watch?v=5qsCwnNTEJ4,
https://www.youtube.com/watch?v=GiMT8i8VvUk,
https://youtu.be/4IvpVDrPmQc,
https://youtu.be/KMiAudd1G8c,
https://youtu.be/w9ZZBbwZJtg,
https://youtu.be/WylSuI3BjWQ,
https://youtu.be/15tcc031XAM,
https://youtu.be/nEqgnUUv9UQ,
https://youtu.be/F3uz-go_4K8,
https://youtu.be/WivClJuQTeI,
https://youtu.be/K0E9qqVyjho,
https://www.youtube.com/watch?v=TPAM7FvdRjw,
https://www.youtube.com/watch?v=CjDEKnEyvuQ,
https://youtu.be/gWZ03AxLQfI,
https://www.youtube.com/watch?v=QLfmJb8P2TQ,
https://www.youtube.com/watch?v=8VBccnhN4Z4,
https://www.youtube.com/watch?v=qL52LsSgCyU,
https://youtu.be/WnvSCJGf5Kg,
https://youtu.be/WnvSCJGf5Kg,
https://youtu.be/2ABkKNCsz10,
https://youtu.be/CgGjuDsXYx4,
https://youtu.be/W348_KBo7u4,
https://youtu.be/lFnoCfEwi-c,
https://www.youtube.com/watch?v=k0sHVKCK7Ck,
https://youtu.be/bm9bEvqeVQo,
https://youtu.be/bm9bEvqeVQo,
https://youtu.be/bm9bEvqeVQo,
https://youtu.be/G1Yw2o71pkE?si=uMiVapO0JOib25Z_,
https://youtu.be/7kj5bH_zBjc,
https://youtu.be/_76aDyGW4Zo,
https://www.youtube.com/watch?v=soVhBJa-2Cg,
https://www.youtube.com/watch?v=NI1gouWOEhQ&amp;ab_channel=TilenLotric,
https://www.youtube.com/watch?v=Sf_8b9StHwM,
https://www.youtube.com/watch?v=4Y1PBF10Abc,
https://www.youtube.com/watch?v=y4h51wSNOkw,
https://www.youtube.com/watch?v=n0TF8USTW0A,
https://www.youtube.com/watch?v=4Y1PBF10Abc,
https://www.youtube.com/watch?v=n3b01Z1IfyA,
https://www.youtube.com/watch?v=pmptZaRtmKk,
https://www.youtube.com/watch?v=OpARmQgV5zM,
https://www.youtube.com/watch?v=vHVuKfftvrM,
https://www.youtube.com/watch?v=nBHUAJhrhSI,
https://www.youtube.com/watch?v=T2O1auR8OhY,
https://www.youtube.com/watch?v=NrwzIJFaKbk,
https://youtu.be/o7_aRKfzYsE,
https://www.youtube.com/watch?v=vojkjL4VZrg,
https://www.youtube.com/watch?v=EueusoH_OGY,
https://www.youtube.com/watch?v=y2G_kgTI7FY,
https://www.youtube.com/watch?v=EueusoH_OGY,
https://www.youtube.com/watch?v=711UBE8hPPQ,
https://www.youtube.com/watch?v=igWROG8QJNM,
https://www.youtube.com/watch?v=0JPgrf3YrHk,
https://www.youtube.com/watch?v=oQdyzGnKdkY,
https://www.youtube.com/watch?v=FhBCxar_dZg,
https://www.youtube.com/watch?v=gZwWBP1KCEQ,
https://www.youtube.com/watch?v=ZaPlTT1TmpU,
https://www.youtube.com/watch?v=Zs3PnT4ZCWo,
https://youtu.be/PEqFs5jKP9U,
https://youtu.be/7_HzP_kBxC8,
https://www.youtube.com/watch?v=1c9s2pKOHFY,
https://www.youtube.com/watch?v=a6q95oA1gRQ,
https://youtu.be/wj5PMXcY-Bs,
https://youtu.be/mWEqLN0xjNM,
https://youtu.be/1z5RndBQ_Wk,
https://www.youtube.com/watch?v=vKIh__M-vCc,
https://youtu.be/mWEqLN0xjNM,
https://youtu.be/mWEqLN0xjNM,
https://youtu.be/mWEqLN0xjNM,
https://youtu.be/4noCcC5EYUY,
https://youtu.be/pGGhocMX8dI,
https://youtu.be/aNDn9vZNNLU,
https://youtu.be/JSuInxRkkww,
https://youtu.be/9SFSR3X7QU0,
https://www.youtube.com/watch?v=zNj3idy3g6Y,
https://youtu.be/OPo8iji5kII,
https://www.youtube.com/watch?v=MJHxjHPq_hE,
https://youtu.be/3CmPvXZddo4,
https://youtu.be/v2ZyozQJ42I,
https://www.youtube.com/watch?v=HIxFWGwK13Y,
https://www.youtube.com/watch?v=z0d69oOiy3E,
https://www.youtube.com/watch?v=zNj3idy3g6Y,
https://youtu.be/3ySvBbx2rIE,
https://youtu.be/o7_aRKfzYsE,
https://youtu.be/E2Yacx9cByo,
https://youtu.be/rXuFEQYBMgA,
https://youtu.be/dFPSO_0go8k,
https://www.youtube.com/watch?v=aSuDKiShLP4,
https://www.youtube.com/watch?v=5b0B4NqVeu0,
https://youtu.be/zxg2HhM_pw8,
https://youtu.be/06y0iBEWhUc,
https://www.youtube.com/watch?v=z2ESOdEkpco,
https://www.youtube.com/watch?v=VTwM13dtmRM&amp;ab_channel=LAZZCLIPS,
https://www.youtube.com/watch?v=t-Nf5ukTWhU,
https://www.youtube.com/watch?v=r2KwI36g7Dg,
https://youtu.be/TijLRkCIM68,
https://www.youtube.com/watch?v=jv9HZu7sqkM,
https://youtu.be/VvR1HZRTZmU,
https://www.youtube.com/watch?v=7AptpuORyaM,
https://www.youtube.com/watch?v=jpfJGnskZqk,
https://youtu.be/8uv1KjdWqVA,
https://youtu.be/XkXvZDN8EIg,
https://youtu.be/ACnh_GjKc1k,
https://youtu.be/WkST8ZGZGLY,
https://youtu.be/4duHKhByn1U,
https://youtu.be/XJytxcwGbLY,
https://youtu.be/u_VDKRKTODk,
https://youtu.be/Itkigwlb4fc,
https://www.youtube.com/watch?v=7YTYdjNdYWI,
https://www.youtube.com/watch?v=5JNs3WQeuBw&amp;feature=youtu.be,
https://youtu.be/N5pwrpOqPJE,
https://youtu.be/KKg8VHxRQYI,
https://www.youtube.com/watch?v=vUvW-A-8w1g,
https://youtu.be/RQqjFhwf6l0,
https://youtu.be/Xix6djUytzA,
https://www.youtube.com/watch?v=s6NVFwob3NA&amp;ab_channel=DGMUSIC%26MEDIAINC.,
https://www.youtube.com/watch?v=NRwoaFff3GM&amp;ab_channel=DGMUSIC%26MEDIAINC.,
https://www.youtube.com/watch?v=JchHqdSf81g,
https://youtu.be/AoZEqHt5nAc,
https://www.youtube.com/watch?v=nALue1egc3U,
https://youtu.be/bEpFQxNnomI,
https://www.youtube.com/watch?v=rgjOSRrUd1g&amp;ab_channel=Rollin%27Riches,
https://youtu.be/t4TjZkCsdgk,
https://www.youtube.com/watch?v=QhltYwRWjvc&amp;ab_channel=Rollin%27Riches,
https://youtu.be/BkcnJaDFYro,
https://youtu.be/YqUPjUEp9zM,
https://www.youtube.com/watch?v=v_GYsS0v4Zk,
https://youtu.be/Hs_OR4QPakE,
https://www.youtube.com/watch?v=t-Nf5ukTWhU,
https://www.youtube.com/watch?v=kl7jsWD5yg8,
https://youtu.be/8yBvQ5p7taQ,
https://youtu.be/mDT1xuIRnG4,
https://www.youtube.com/watch?v=VKOQjc1QHU0,
https://youtu.be/k5vLOUHc70c,
https://youtu.be/-fEM4Pi1TRk,
https://youtu.be/k37s36UPDfo,
https://www.youtube.com/watch?v=OL_d43FXkRY,
https://youtu.be/RJoVnAB2LO4,
https://youtu.be/6PUwYm4ADmY,
https://youtu.be/2KSAPdryvvg,
https://youtu.be/DWVkKLWxnhU,
https://youtu.be/0Tk9jcih_DQ,
https://www.youtube.com/watch?v=CaWR8C71vdA,
https://www.youtube.com/watch?v=7wfKCYAXSZA,
https://youtu.be/IC9UVL_V79w,
https://www.youtube.com/watch?v=qZvOQFbSj7I,
https://www.youtube.com/watch?v=ryekevIebXo&amp;t=7s,
https://www.youtube.com/watch?v=UHOqbsUA-6g,
https://youtu.be/93QGQf_Uapo,
https://youtu.be/Nm1849WkiJM,
https://www.youtube.com/watch?v=NANtCMhAFA8,
https://youtu.be/MD0VVDgMipI,
https://youtu.be/UrrGxDlKkxg,
https://www.youtube.com/watch?v=PXhurJ6TaWE,
https://youtu.be/aI4zGsp-LyA,
https://youtu.be/dF0NkhzXXqY,
https://youtube.com/shorts/jUkB1RKZ5g8?feature=share,
https://youtu.be/n679qvC6Ik4,
https://m.youtube.com/watch?v=soN2VYO9s7k,
https://youtu.be/93XlSHsrUME?si=HZUXUsz6m1flGAYb,
https://youtu.be/C4Qsdme9GN4?si=3gHCXiXo4316K9Z6,
https://youtu.be/RJoVnAB2LO4,
https://www.youtube.com/watch?v=g4zqBfQwwOM,
https://www.youtube.com/watch?v=g4zqBfQwwOM,
https://www.youtube.com/watch?v=2YZq5jIiXeY,
https://youtu.be/l21HQ9eQYqw,
https://www.youtube.com/watch?v=mGHcFhFULdE&amp;t=1s&amp;ab_channel=UPNEXTCRYPTO,
https://www.youtube.com/watch?v=HwLdPYNU4PU,
https://youtube.com/shorts/Gl6ahWOWb6U?feature=share,
https://www.youtube.com/watch?v=HZ5DL2n7NOU,
https://www.youtube.com/watch?v=Uqrdxmr0O_E,
https://youtu.be/zVpa3K93d6M,
https://www.youtube.com/watch?v=snKm4mRUzTQ,
https://www.youtube.com/watch?v=MnTx6F2kzJw,
https://www.youtube.com/watch?v=muRP48O2jf4,
https://www.youtube.com/watch?v=XaiKpOt0lp4,
https://youtu.be/Jy1W1DimL6I,
https://www.youtube.com/watch?v=z_mI6KJbDuY,
https://youtu.be/DGk0odqfExo,
https://www.youtube.com/watch?v=AOc3tD1GZgw,
https://youtu.be/6bbtLhcJ-zM,
https://www.youtube.com/watch?v=lBiNTB28gBw,
https://youtu.be/UvEnjhSX8DI,
https://www.youtube.com/watch?v=PZnjjth6UNw,
https://youtu.be/Flrp1FdAm8Q,
https://youtu.be/yy8LEedoG7A,
https://youtu.be/AqROkDwHZrc,
https://youtu.be/OqR7DsojM7s,
https://youtu.be/Flrp1FdAm8Q,
https://youtu.be/1gUt37T2JjU,
https://youtu.be/H-8mWMrR-As,
https://youtu.be/9vMqBNpAMCM,
https://youtu.be/8MOgs-zq8yU,
https://youtu.be/Flrp1FdAm8Q,
https://youtu.be/dugbGDL1G48,
https://youtu.be/8PQb2p12sDg,
https://youtu.be/LU9lkamiQbc,
https://youtu.be/aYXR3wnWyPE,
https://www.youtube.com/watch?v=oGF3q4BdZPc,
https://youtu.be/TQ0n6KkOXKI,
https://youtu.be/epSpDSlUNPA,
https://youtu.be/TQ0n6KkOXKI,
https://youtu.be/8MOgs-zq8yU,
https://youtu.be/Flrp1FdAm8Q,
https://youtu.be/K6VzY3nctsk,
https://www.youtube.com/watch?v=4jkDEQxqlQ4&amp;feature=youtu.be,
https://youtu.be/6_woLW1YZ48,
https://www.youtube.com/watch?v=BcV7TRc_JkY,
https://youtu.be/OJtD9Ba8VA0,
https://www.youtube.com/watch?v=FXRTPyiWKMM&amp;feature=youtu.be,
https://youtu.be/TQ0n6KkOXKI,
https://www.youtube.com/watch?v=8QsyTbtIHGY,
https://youtu.be/LDY7huq_JAE,
https://youtu.be/DbOu3a6lPSY,
https://youtu.be/-hp9ocQ24Yo,
https://youtu.be/fMfH33LKrs4,
https://www.youtube.com/watch?v=-p0l8HumLVc,
https://www.youtube.com/watch?v=S0pS8apAMG0,
https://www.youtube.com/watch?v=hLwYHj95MYY,
https://youtu.be/1KLZFPjSPFI,
https://www.youtube.com/watch?v=8QsyTbtIHGY,
https://www.youtube.com/watch?v=VTU5DDSjkG0,
https://www.youtube.com/watch?v=JxTkBIL06Iw,
https://www.youtube.com/watch?v=1KLZFPjSPFI,
https://www.youtube.com/watch?v=BcV7TRc_JkY,
https://www.youtube.com/watch?v=I7ustK8bs9o,
https://youtu.be/4jkDEQxqlQ4,
https://youtube.com/watch?v=FYRl9946DJg,
https://www.youtube.com/watch?v=dn-Y8WYgNnc,
https://youtube.com/watch?v=BcV7TRc_JkY,
https://www.youtube.com/watch?v=17tBqZIUlTM&amp;t=24s,
https://www.youtube.com/watch?v=rQEDr1GgBnM,
https://www.youtube.com/watch?v=i_d25uzWSSI,
https://www.youtube.com/watch?v=to4S1kG2reY,
https://youtu.be/x2QNqKBYX3k,
https://www.youtube.com/watch?v=xm4Gm0-qVHw,
https://youtu.be/TQ0n6KkOXKI,
https://youtu.be/Flrp1FdAm8Q,
https://youtu.be/8MOgs-zq8yU,
https://youtu.be/yy8LEedoG7A,
https://youtu.be/K6VzY3nctsk,
https://youtu.be/9CRuMAh6iqA,
https://www.youtube.com/watch?v=VQQVeJzOMIU,
https://youtu.be/hhvZlHhKZyc,
https://youtu.be/9e6sFIj8Q04,
https://youtu.be/dugbGDL1G48,
https://youtu.be/8MOgs-zq8yU,
https://youtu.be/Flrp1FdAm8Q,
https://youtube.com/watch?v=vF5MyHBTksY,
https://www.youtube.com/watch?v=xm4Gm0-qVHw,
https://youtube.com/watch?v=HEuiZsLodh8,
https://justanotherpanel.com/anon.ws?r=https%3A%2F%2Fwww.youtube.com%2Fwatch%3Fv%3DYBBVB3ccCnI,
https://youtu.be/msbIvV65Cgs,
https://www.youtube.com/watch?v=_6eFzQ5f0Gs,
https://www.youtube.com/watch?v=M0bCgfWJLXM,
https://youtu.be/7HRRXNmofBc,
https://youtu.be/QVGj1vuVhcc,
https://www.youtube.com/watch?v=mDBKg-zWQdo,
https://m.youtube.com/watch?v=xH5Bqb87fqg,
https://youtu.be/zfoBqVtyo-E,
https://www.youtube.com/watch?v=O2gHo3OV5Fg,
https://youtu.be/vwul6s4iwXM,
https://youtu.be/WOLx0zBsKEg,
https://www.youtube.com/watch?v=NykFxWKM7KY,
https://youtu.be/hFF9KywrFBs,
https://www.youtube.com/watch?v=6fNkdG8eRZQ,
https://www.youtube.com/watch?v=w2TS293ZnmA,
https://www.youtube.com/watch?v=O6W7cO1OOIs,
https://youtu.be/hYsKeCTp5Jk,
https://youtu.be/TM3NK_LIFlY,
https://www.youtube.com/watch?v=0dHkwHY3Yv8,
https://www.youtube.com/watch?v=2RiKOwND1H8,
https://youtu.be/PJzKOUvkk-I,
https://www.youtube.com/watch?v=pferRsjvDpY,
https://www.youtube.com/watch?v=KbWOff-6kZE,
https://youtu.be/VCEyfYEqraM,
https://www.youtube.com/watch?v=jmWjuvRdMzQ,
https://www.youtube.com/watch?v=7AptpuORyaM,
https://youtu.be/XEiVW7lUBWs,
https://www.youtube.com/watch?v=nW755BPn2Oc100,
https://youtu.be/niOkTr6Wlgc,
https://youtu.be/vBjajbZweGY,
https://youtu.be/jMh0jIXB44A,
https://youtu.be/dv9V2cZrvro,
https://youtu.be/8U17xdLc-Yg,
https://www.youtube.com/watch?v=hnqMB8eSBrk,
https://youtu.be/G8xpSxWqKn8,
https://www.youtube.com/watch?v=jrQrZCaDNT4,
https://www.youtube.com/watch?v=19fCY_mncl4,
https://youtu.be/nj-6QCgqkps,
https://youtu.be/xDzpVMJfTR8,
https://youtu.be/7kj5bH_zBjc,
https://youtu.be/FwAQkty3wko,
https://youtu.be/zLZUW_KQ484,
https://youtu.be/K1OwqCiURy4,
https://www.youtube.com/watch?v=2iIMLIzKxvA,
https://www.youtube.com/watch?v=NvCTVJzEt6M,
https://youtu.be/zLZUW_KQ484,
https://youtu.be/lCwIoM7DMns,
https://youtu.be/qI9h-a7JsXk,
https://www.youtube.com/watch?v=7AptpuORyaM,
https://youtu.be/QMF5eTL1_lk,
https://youtu.be/y702NpHOFAI,
https://youtu.be/_tNw_A0yn1Y,
https://youtu.be/yn-Qc_ueGLU,
https://youtu.be/wedjiex7CG4,
https://youtu.be/_tNw_A0yn1Y,
https://www.youtube.com/watch?v=darcQakAoiU,
https://youtu.be/SAtxw60VQHU,
https://youtu.be/jrkxbSWXb-M,
https://youtu.be/Np2xfSkImps,
https://youtu.be/AK7XC5Bj_D4,
https://youtu.be/QwrB3yjJbbE,
https://youtu.be/ROIAiuOhfQ0,
https://youtu.be/KMiAudd1G8c,
https://www.youtube.com/watch?v=U9tzasKq1eo,
https://www.youtube.com/watch?v=RegQ-V6MLDo,
https://www.youtube.com/watch?v=kt-tqNEEYJQ,
https://youtube.com/watch?v=y-bYn7U9rpY&amp;feature=share,
https://www.youtube.com/watch?v=VrXoJj--YzI,
https://youtu.be/oEENC-1_CJg,
https://youtu.be/vH4yr_fOhdI,
https://www.youtube.com/watch?v=3NlqxCN5h2U,
https://youtube.com/shorts/Z5apFGz4U3I?feature=share,
https://youtu.be/IQSeiIVUUK0,
https://youtu.be/IgB1X6cXlUY,
https://youtu.be/Hs_OR4QPakE,
https://youtu.be/dvKjmQ-qH_w,
https://www.youtube.com/watch?v=0t3km1aGTxE,
https://youtube.com/shorts/gNfL0mOLPFs?feature=share,
https://www.youtube.com/watch?v=e5-foc2ZB_0,
https://youtu.be/7tIiOZOBp8A,
https://www.youtube.com/watch?v=MEjJYxnFw00,
https://youtu.be/7j8XRkxZdbc,
https://youtu.be/BkbG6XPRQug,
https://youtu.be/z5BM5NYmQ5A,
https://youtu.be/aOwVoQJ8_nU,
https://youtu.be/quAsjxxszhg,
https://youtu.be/p4A-XYLLbrI,
https://youtu.be/r8qDzVbsPoY,
https://youtu.be/ngmFYMacvOk,
https://youtu.be/mWEqLN0xjNM,
https://youtu.be/KMiAudd1G8c,
https://youtu.be/f8PucVnjw5g,
https://youtu.be/MvOEbQGJwXY,
https://youtu.be/AmALKAlr0nA,
https://youtu.be/VuvgIxSmls8,
https://www.youtube.com/watch?v=20HfAQeQdN4,
https://youtu.be/rp2agbycNUs,
https://www.youtube.com/watch?v=KIYnHDLa6VY,
https://www.youtube.com/watch?v=_7zEPUMiMu8,
https://www.youtube.com/watch?v=KjuNlYJZRG0,
https://youtu.be/7tk_khDGF74,
https://youtu.be/s5Y7JFyquR0,
https://youtu.be/MdzHUUdvNps,
https://www.youtube.com/watch?v=CSoFliR1szI,
https://youtu.be/z5BM5NYmQ5A,
https://youtu.be/quAsjxxszhg,
https://youtu.be/aOwVoQJ8_nU,
https://youtu.be/p4A-XYLLbrI,
https://www.youtube.com/watch?v=C0HpfzHvPGc,
https://www.youtube.com/watch?v=yXSXri9cX5E,
https://youtu.be/7aUHFYYkt2U,
https://youtu.be/A68G8SDiBJg,
https://www.youtube.com/watch?v=Fq4GQlQ2wxg,
https://youtu.be/Z4tNlaa1Jcs,
https://www.youtube.com/watch?v=GV2xqEDBfbM,
https://youtube.com/live/vldhkF520Y0,
https://www.youtube.com/watch?v=OcP8e3eaHd0,
https://www.youtube.com/watch?v=wF0yt3Ihapw,
https://youtu.be/BvwG8fmjZ68,
https://www.youtube.com/live/w95VUNGFIZw?feature=share,
https://youtu.be/2qEoXTUKpvw,
https://www.youtube.com/watch?v=ijrYTmlNbiU,
https://youtu.be/LYhy0FZuxdY,
https://youtu.be/6rQ96Tse6MQ,
https://www.youtube.com/watch?v=sMhhsASmc6I,
https://www.youtube.com/watch?v=_JUGO391rbk&amp;t=303s,
https://www.youtube.com/watch?v=7nfTPwQjeXs&amp;t=21s,
https://youtu.be/KGd0lW0LkGE,
https://youtu.be/hqRHjRVETOc,
https://youtu.be/EQPbKSeqnww,
https://youtu.be/rwXIgpyV2h8,
https://www.youtube.com/watch?v=oE4_w_j_DvU,
https://youtu.be/giV0gnHBAbQ,
https://youtu.be/QHPPHGOnpfM,
https://www.youtube.com/watch?v=GXqkFN6pPjE,
https://www.youtube.com/watch?v=tfyng_1wyds,
https://youtu.be/mWEqLN0xjNM,
https://youtu.be/slmCU-nhu1Y,
https://youtu.be/QHPPHGOnpfM,
https://youtu.be/Ld0XkTiAzl0,
https://youtu.be/li-ncZBum8M,
https://youtu.be/_tNw_A0yn1Y,
https://youtu.be/zLZUW_KQ484,
https://youtu.be/oZjG2Y_NGgU,
https://www.youtube.com/watch?v=vBrgY3CSwbs,
https://youtu.be/Dmw2D6c68jo,
https://www.youtube.com/watch?v=9q58XT1UD-k,
https://www.youtube.com/watch?v=12sjwcxPz8U,
https://youtu.be/SuN4pTFJKA8,
https://youtu.be/vy1xm5luod4,
https://youtu.be/oZjG2Y_NGgU,
https://www.youtube.com/watch?v=uAB88zNi66w,
https://www.youtube.com/watch?v=QA6ars7Bz2E,
https://www.youtube.com/watch?v=AMMD71Ln0MU,
https://youtu.be/jTzF3Z0icik,
https://www.youtube.com/watch?v=iEVOy4uAj_0&amp;feature=youtu.be,
https://youtu.be/yWvrflk-QNw,
https://www.youtube.com/watch?v=mwi2KDAK4zw&amp;t=65s,
https://youtu.be/72bpiknhj8E,
https://www.youtube.com/watch?v=HhNKk_C4LqM,
https://youtu.be/lF8pnoS1xpg,
https://youtu.be/yjfhhQXG9j0,
https://www.youtube.com/watch?v=adl8XzeHI68,
https://www.youtube.com/watch?v=dLVSyEy6Pu0,
https://www.youtube.com/watch?v=_cGuv3VKVp8&amp;t=4s,
https://youtu.be/jTzF3Z0icik,
https://www.youtube.com/watch?v=Rs17f3G4ETc&amp;t=437s,
https://www.youtube.com/watch?v=38dN2wZWME8,
https://www.youtube.com/watch?v=38dN2wZWME8&amp;t=806s,
https://youtu.be/QEJ6gSUynoA,
https://www.youtube.com/watch?v=puYMkWlSlwc,
https://www.youtube.com/watch?v=38dN2wZWME8&amp;t=1077s,
https://www.youtube.com/watch?v=sprSqBJnNek,
https://www.youtube.com/watch?v=Pntdf7eD20w,
https://www.youtube.com/watch?v=38dN2wZWME8&amp;t=1226s,
https://www.youtube.com/watch?v=VHgn-5ukrR8,
https://www.youtube.com/watch?v=D-9mUsvZsSc,
https://www.youtube.com/watch?v=Ako_WgJsrmk,
https://www.youtube.com/watch?v=nNEQK5EjeC0,
https://www.youtube.com/watch?v=B6UnsX537qs,
https://www.youtube.com/watch?v=arlAdaxMLUg,
https://www.youtube.com/watch?v=OschRJ5ru-Q,
https://www.youtube.com/watch?v=CpYXhsU5S8A,
https://www.youtube.com/watch?v=aTJ_gUpTpt8,
https://www.youtube.com/watch?v=aNJXIgTimnM,
https://www.youtube.com/watch?v=j8uDL7T5XFU,
https://youtu.be/BtkDqleQYkY,
https://www.youtube.com/watch?v=3vUxRmhIljs,
https://www.youtube.com/watch?v=V9dd-lEVayo,
https://youtu.be/leng3vmhYSE,
https://youtu.be/U0cAaMLwpno,
https://www.youtube.com/watch?v=Wg7oX6DiTSM,
https://www.youtube.com/shorts/CTfkirdeHBk,
https://youtu.be/5a-BNNUeq7k,
https://www.youtube.com/watch?v=t1BW0Dyg9iw,
https://www.youtube.com/watch?v=NBNWIuzFZ7I,
https://youtu.be/2c6zW4roXi4,
https://youtu.be/nJAOc216IoY,
https://youtu.be/gdo9x_TyxVU,
https://youtu.be/dJsNJD4siUc,
https://youtu.be/5a-BNNUeq7k,
https://www.youtube.com/watch?v=JBUa4vzzi5c,
https://www.youtube.com/watch?v=AjOrpScxpLM,
https://www.youtube.com/watch?v=mowdVUxgDng,
https://youtu.be/HTVRJ12igmo,
https://www.youtube.com/watch?v=LZAtgejtUsY,
https://youtu.be/dfPDe6C2A_Q,
https://www.youtube.com/watch?v=fw2FqLFpj0E,
https://youtu.be/31roUw1bUnE,
https://youtu.be/pBVwUCNMWpg,
https://youtu.be/gyTxAEHiP0o,
https://www.youtube.com/watch?v=VjrKXe7nmvM,
https://youtu.be/Y34qixsmsPQ,
https://youtu.be/ero-Ppp-Uo0,
https://youtu.be/7LGxIyFmpEA,
https://youtube.com/shorts/VJ8bdMXNsKk?feature=share,
https://www.youtube.com/watch?v=dbNJtcoccPk,
https://www.youtube.com/watch?v=tbsthxOjOPo,
https://www.youtube.com/watch?v=NUZ2QgAR7QI,
https://youtu.be/Rlxlemk61ac,
https://www.youtube.com/watch?v=f86ME13Goww,
https://www.youtube.com/watch?v=iZ4q72E_XTM,
https://youtu.be/TXGBXSBOiL4,
https://www.youtube.com/watch?v=nALue1egc3U,
https://www.youtube.com/watch?v=vVUFi6yK0nk,
https://youtu.be/btj96J3M0Go,
https://www.youtube.com/watch?v=23r0FNLwNCo,
https://www.youtube.com/watch?v=GxBchUqEQDg,
https://www.youtube.com/watch?v=zdNgPVnmIIk,
https://www.youtube.com/watch?v=kQX1v_NwfmU,
https://www.youtube.com/watch?v=-feoV0AE_EU,
https://www.youtube.com/watch?v=SEDyIf8B7T8,
https://www.youtube.com/watch?v=jumN2f2ipwc,
https://www.youtube.com/watch?v=rjCdgs3OcGY,
https://www.youtube.com/watch?v=8J9MwIdoJQU,
https://youtu.be/F3GW9IiawFo,
https://youtu.be/4FD43NybAE4,
https://youtu.be/h0pM1AdOakw,
https://www.youtube.com/watch?v=3zAU7IxcukA,
https://youtu.be/ngmFYMacvOk,
https://youtu.be/-zEuysY-M9Q,
https://youtu.be/ZAUmFZvkZPs,
https://youtu.be/f8PucVnjw5g,
https://youtu.be/MvOEbQGJwXY,
https://youtu.be/rp2agbycNUs,
https://youtu.be/7aUHFYYkt2U,
https://youtu.be/09VNC07SNBQ,
https://youtu.be/ek9T1VV4puc,
https://www.youtube.com/watch?v=xE6MAb1ENRc,
https://www.youtube.com/watch?v=vsT7i856GmQ,
https://www.youtube.com/watch?v=nByNg9_IAlY,
https://youtu.be/_vYIoNqI5Bk,
https://www.youtube.com/watch?v=MRbjcMHx5rc,
https://www.youtube.com/watch?v=WJj4hBUuW_s,
https://www.youtube.com/watch?v=u2FlznVJ4UU,
https://www.youtube.com/watch?v=On8DU02g2kE,
https://youtu.be/BEmxVqbTq8Y,
https://youtu.be/_vYIoNqI5Bk,
https://www.youtube.com/watch?v=_bcYWILuPas,
https://youtu.be/Bi41NLDwPYc,
https://youtu.be/_HQ0IP85cbg,
https://www.youtube.com/watch?v=Mb4HBYfnLaQ,
https://www.youtube.com/watch?v=s0s2QuvqF_c,
https://www.youtube.com/watch?v=3fVuc5pjwS4,
https://www.youtube.com/watch?v=Cbd3C4sMpKA,
https://www.youtube.com/watch?v=x3ejm6dXIog,
https://www.youtube.com/watch?v=aEHP-xJYvZU,
https://youtu.be/DyobXNcnMdc,
https://www.youtube.com/watch?v=BoMyZj-Phk4,
https://youtu.be/cHnacLW_oP0,
https://youtu.be/Zd8WRzkd3O8,
https://youtu.be/2M90119zt9Q,
https://youtu.be/InbPk62do4k,
https://www.youtube.com/watch?v=EX2u16_WSxU,
https://youtu.be/pvvwnSr9UaU,
https://www.youtube.com/watch?v=qqIIEQ92SFg,
https://youtu.be/VlPrz6mRUpE,
https://www.youtube.com/watch?v=7zHVhalQc1I,
https://youtu.be/sfbnZtOns1Y,
https://www.youtube.com/watch?v=xBDL4HpLyfE,
https://www.youtube.com/watch?v=XH7-O5UDShI,
https://youtu.be/ueTEdbuP7BI,
https://www.youtube.com/watch?v=Ja-B0lS8D4w,
https://www.youtube.com/watch?v=IClQVoWWHbw,
https://www.youtube.com/watch?v=LnCHoAM6GJQ,
https://www.youtube.com/watch?v=AYD4GckPsbo,
https://youtu.be/FwMHarjAXyk,
https://www.youtube.com/watch?v=_xRRNQHfF2c,
https://www.youtube.com/watch?v=DbW8WQCrk_8,
https://youtu.be/bm9bEvqeVQo,
https://www.youtube.com/watch?v=nNcCkujBc2I,
https://www.youtube.com/watch?v=KDj19wG9BbU,
https://www.youtube.com/watch?v=ByKRkNVAYDc,
https://www.youtube.com/watch?v=6lB2G2TgMhs,
https://www.youtube.com/watch?v=4svdeHe6Pf0,
https://www.youtube.com/watch?v=mySSChvuGMU,
https://youtu.be/bm9bEvqeVQo,
https://youtu.be/oOfNqbQ-G_0,
https://youtu.be/6ADv4jLsLrc https://youtu.be/0SIVOkuvOL0,
https://youtu.be/G1Yw2o71pkE?si=uMiVapO0JOib25Z_,
https://www.youtube.com/watch?v=Fj5UcJafCtY,
https://youtu.be/Mb2Cs0f6hpc,
https://youtu.be/KuCVJjEWKpQ,
https://www.youtube.com/watch?v=8QsyTbtIHGY,
https://youtu.be/gjFz3nK1As8,
https://www.youtube.com/watch?v=u2qSJI8Cf3s,
https://youtu.be/D4AhSoNPKS0,
https://youtube.com/watch?v=SOXjNu-eGvk&amp;si=EnSIkaIECMiOmarE,
https://www.youtube.com/watch?v=Bu0mB7L39Qk,
https://youtube.com/watch?v=SOXjNu-eGvk&amp;si=EnSIkaIECMiOmarE,
https://youtu.be/4MLEo4mZ6aM,
https://youtube.com/watch?v=fqKkehuytk0&amp;feature=share,
https://youtu.be/9xFiN4vsyJ0,
https://www.youtube.com/watch?v=mGHcFhFULdE&amp;ab_channel=UPNEXTCRYPTO,
https://youtu.be/70HA0upuWV0,
https://youtu.be/Yfey9yYpQms,
https://www.youtube.com/watch?v=yrzlhkfkQIE,
https://www.youtube.com/watch?v=PpkPWwbW5b4,
https://www.youtube.com/watch?v=FwAQkty3wko,
https://www.youtube.com/shorts/bAEAgL0mr4Q,
https://www.youtube.com/watch?v=PpkPWwbW5b4&amp;ab_channel=UPNEXTCRYPTO,
https://www.youtube.com/watch?v=mGHcFhFULdE&amp;ab_channel=UPNEXTCRYPTO,
https://www.youtube.com/watch?v=b5Ioj7Qw9gw&amp;ab_channel=UPNEXTTRADES,
https://www.youtube.com/watch?v=mGHcFhFULdE&amp;ab_channel=UPNEXTCRYPTO,
https://youtube.com/watch?v=DVNNuHwszDQ&amp;si=EnSIkaIECMiOmarE,
https://www.youtube.com/watch?v=BTu7gTn2MNI,
https://www.youtube.com/watch?v=zQ_Bm7TwAbs,
https://www.youtube.com/watch?v=XLvqAmhXQHM,
https://www.youtube.com/watch?v=BTu7gTn2MNI,
https://www.youtube.com/watch?v=nXkNB-EQxkk,
https://www.youtube.com/watch?v=Snd1ab225dc&amp;t=97s,
https://youtube.com/watch?v=SOXjNu-eGvk&amp;si=EnSIkaIECMiOmarE,
https://youtube.com/watch?v=jdGuIRn1RRA,
https://youtu.be/eCLBi8fVaGQ,
https://youtu.be/eCLBi8fVaGQ,
https://youtu.be/9KuZR3N-7Qw,
https://www.youtube.com/watch?v=B_YqxuWeQrA,
https://www.youtube.com/watch?v=oXi1uyjGwYU,
https://www.youtube.com/watch?v=H1ZSdtqMKZw,
https://youtu.be/uy191H74XME,
https://www.youtube.com/watch?v=Qoz1_d0-KdQ,
https://www.youtube.com/watch?v=Qoz1_d0-KdQ,
https://www.youtube.com/watch?v=cQonRpF5dp4,
https://www.youtube.com/watch?v=Y8-P0SXz5bM,
https://www.youtube.com/watch?v=Y8-P0SXz5bM,
https://www.youtube.com/watch?v=44L4Pj7BK6A,
https://youtu.be/3Y6_ogVdC28,
https://www.youtube.com/watch?v=cQonRpF5dp4,
https://www.youtube.com/watch?v=Ix5A65gd6Nk,
https://www.youtube.com/watch?v=yLnnYD4jJ-E,
https://www.youtube.com/watch?v=k71V3cL6vrQ,
https://youtu.be/K7htcP9DvHM,
https://www.youtube.com/watch?v=HjSvGewv-0A,
https://youtu.be/VLHAZZUs1ok,
https://www.youtube.com/watch?v=cQonRpF5dp4,
https://www.youtube.com/watch?v=xoomYQ-F9D0,
https://youtu.be/aWU_0vhonCo,
https://youtu.be/oVbse8MNCRs,
https://www.youtube.com/watch?v=S2YU0Fo6_XY,
https://youtu.be/oVbse8MNCRs,
https://www.youtube.com/watch?v=gWdQ40keBKA,
https://www.youtube.com/watch?v=WBSInVwNlZc,
https://youtu.be/3aKFTM3TPPo,
https://www.youtube.com/watch?v=YWqIZ_4DVEk,
https://www.youtube.com/watch?v=9GBXS2XyXaw,
https://youtu.be/XFxNRzsy9Uc,
https://youtu.be/ziJDe3G6aus,
https://www.youtube.com/watch?v=R2CPL3JVjTc,
https://www.youtube.com/watch?v=SZsX2jeXr1s,
https://www.youtube.com/watch?v=DqxjZvhondM,
https://youtu.be/XTJ5U_lJtwU,
https://youtu.be/0ci-Z9h6yZY,
https://youtu.be/bU_u90t04jg,
https://youtu.be/9KuZR3N-7Qw,
https://www.youtube.com/watch?v=tF6VaAIZwfM,
https://www.youtube.com/watch?v=hrML7QeXGjg,
https://www.youtube.com/watch?v=B4k31RdGDbQ,
https://youtu.be/3urxrf2x_7A,
https://www.youtube.com/watch?v=tF6VaAIZwfM,
https://youtu.be/5Pvjy-Sq0Hk,
https://youtu.be/9n2hHSTSO8E,
https://www.youtube.com/watch?v=ImyOF6e1khE,
https://youtu.be/Gi35OAW68lU,
https://www.youtube.com/watch?v=MiTfuRwhyeQ,
https://youtu.be/Gi35OAW68lU,
https://www.youtube.com/watch?v=4GmWOAVRmo8,
https://www.youtube.com/watch?v=MiTfuRwhyeQ,
https://youtu.be/cIALAT-Gc8Y,
https://youtu.be/SY852ABzeCQ,
https://www.youtube.com/watch?v=WCPo3uzE-Fw,
https://www.youtube.com/watch?v=PY63dD3oTDU,
https://youtu.be/h0Tdb2Blddc,
https://youtu.be/rQrSN3L-t2Q,
https://www.youtube.com/watch?v=IL5uEQWVtJ4,
https://www.youtube.com/watch?v=VrVrc5xLdzg,
https://www.youtube.com/watch?v=7JmRZpa6TDY,
https://youtu.be/LZ6z4CgIJno,
https://www.youtube.com/watch?v=S-H_Ogxwmm0,
https://www.youtube.com/watch?v=XTJ5U_lJtwU,
https://www.youtube.com/watch?v=31hXVJRyYYM,
https://www.youtube.com/watch?v=BDGblf1BvEA,
https://www.youtube.com/watch?v=JHRxao5mJSc,
https://youtu.be/RYdN3rS1YT8,
https://youtu.be/LZ6z4CgIJno,
https://youtu.be/yKpluYQGqMQ,
https://www.youtube.com/watch?v=ue7vRyUmEyk,
https://youtu.be/eCLBi8fVaGQ,
https://www.youtube.com/watch?v=31hXVJRyYYM,
https://www.youtube.com/watch?v=VrVrc5xLdzg,
https://youtu.be/vvYRteeI_-Q,
https://youtu.be/7B99Mhn7Zlg,
https://www.youtube.com/watch?v=vN1l2vhgQ64&amp;ab_channel=MarkZebraTV,
https://youtu.be/uuHLaLTRymI,
https://youtu.be/UpbJ3ShuxCc,
https://youtu.be/UpbJ3ShuxCc,
https://youtu.be/UpbJ3ShuxCc,
https://youtu.be/vvYRteeI_-Q,
https://youtube.com/watch?v=WiP10glOw0w&amp;amp;feature=shareb,
https://www.youtube.com/watch?v=m7_Paoyu99w,
https://youtu.be/rYIQfEVvHi4,
https://youtu.be/Qs0kY5D6K5o,
https://www.youtube.com/watch?v=lhU06YASpS8,
https://www.youtube.com/watch?v=5Nwc7Dexcx0,
https://www.youtube.com/watch?v=ADzEAksZeF8,
https://www.youtube.com/watch?v=oQdyzGnKdkY,
https://www.youtube.com/watch?v=gLUbwC_Mj3c,
https://www.youtube.com/watch?v=aNT9UcQJu90,
https://youtu.be/h8ZU8c64PMs,
https://youtu.be/TZy6MWz5yTc,
https://youtu.be/n6lCu99sX50?si=t0yWhbuEnSKNdVTR,
https://www.youtube.com/watch?v=vrk2Mmjwh20,
https://youtu.be/40faGzGbI04?si=sEEEu2Ke7hs8NTOh,
https://youtu.be/IJllWkNcENM?si=rlUt1jsAROhGnu70,
https://youtu.be/9GvjxAxx1xA?si=ZpcsayBvFdgJi29d,
https://youtu.be/VnEYS5B4U_4?si=kIZwTvf_ACErwZ7G,
https://www.youtube.com/watch?v=gUNQ0vkH_bc,
https://www.youtube.com/watch?v=7Avd2vvEIU8,
https://www.youtube.com/watch?v=c0UZSQXZXKM,
https://www.youtube.com/watch?v=bVZ1dwwLxqo,
https://www.youtube.com/watch?v=c65aalSLJZM&amp;ab_channel=Rage,
https://youtu.be/kTW4OwvX4Qc,
https://www.youtube.com/watch?v=8JuX_4NjQgw,
https://www.youtube.com/watch?v=1oYwj9EBN_0,
https://www.youtube.com/watch?v=wAxVpj6vXmQ,
https://www.youtube.com/watch?v=cBCCguPmnuo,
https://www.youtube.com/watch?v=t9BepC1hQoc,
https://youtu.be/sEDzgEySAKM,
https://youtu.be/kGQ2JRVrUkk,
https://www.youtube.com/watch?v=5A0jhkb2PXc,
https://youtu.be/kEvncttUcGY,
https://youtu.be/MWRBcBgawII,
https://www.youtube.com/watch?v=phwC6tLfEyI,
https://www.youtube.com/watch?v=6iAMCejsX_M,
https://www.youtube.com/watch?v=2D7LoUmEEZI,
https://youtu.be/jQ4cuqFviXA,
https://www.youtube.com/watch?v=S09HlTE2SbE,
https://youtu.be/cWmItN52rtA,
https://youtu.be/ukKufJSRQYM,
https://youtu.be/UUvfZbVsISI,
https://youtu.be/ENIxjKM2nzw,
https://www.youtube.com/watch?v=s4hy7sYFDnE,
https://www.youtube.com/watch?v=QzbSIFWUoTY,
https://youtu.be/7_HzP_kBxC8?si=iuG22wB2XpUmaRe7,
https://youtu.be/zVpa3K93d6M?si=sP1L2of4OsBFWs_C,
https://youtu.be/cw_o7rnHFQA?si=iE05cMhQiZQNP5SB,
https://youtu.be/Du7WWHnjMlQ?si=SAFH_Qf-AHj7eUcx,
https://www.youtube.com/watch?app=desktop&amp;v=rnDTda7Oz2g,
https://youtu.be/vt93lIjUMvE,
https://www.youtube.com/watch?v=1Khes9NeTWc,
https://youtu.be/T0Wz7GCpiSY?si=4C8O6h3pEMPPVWrv,
https://youtu.be/zmWneqLCev0?si=m_3tUZbIMI65-oxj,
https://www.youtube.com/watch?v=20HfAQeQdN4,
https://youtube.com/shorts/GrYU45bA-p0?si=S1OSDGK-uzEmlK9U,
https://www.youtube.com/watch?v=24CCzcQl8Js,
https://youtu.be/0pJ8bFTgof0,
https://youtu.be/MT_0YQLn_Do,
,
